<?xml version="1.0" encoding="UTF-8" ?>
<Actors>
<Actor>
  <id>44200</id>
  <Image></Image>
  <Name>Caroline Quentin</Name>
  <Role></Role>
  <SortOrder>3</SortOrder>
</Actor>
<Actor>
  <id>44203</id>
  <Image></Image>
  <Name>Harry Enfield</Name>
  <Role></Role>
  <SortOrder>3</SortOrder>
</Actor>
<Actor>
  <id>44202</id>
  <Image></Image>
  <Name>Ian Lindsay</Name>
  <Role></Role>
  <SortOrder>3</SortOrder>
</Actor>
<Actor>
  <id>44204</id>
  <Image></Image>
  <Name>Leslie Ash</Name>
  <Role></Role>
  <SortOrder>3</SortOrder>
</Actor>
<Actor>
  <id>44205</id>
  <Image></Image>
  <Name>Martin Clunes</Name>
  <Role></Role>
  <SortOrder>3</SortOrder>
</Actor>
<Actor>
  <id>44199</id>
  <Image></Image>
  <Name>Neil Morrissey</Name>
  <Role></Role>
  <SortOrder>3</SortOrder>
</Actor>
<Actor>
  <id>44201</id>
  <Image></Image>
  <Name>Valerie Minifie</Name>
  <Role></Role>
  <SortOrder>3</SortOrder>
</Actor>
</Actors>