<?xml version="1.0" encoding="UTF-8" ?>
<Data><Series>
  <id>76213</id>
  <Actors>|Caroline Quentin|Harry Enfield|Ian Lindsay|Leslie Ash|Martin Clunes|Neil Morrissey|Valerie Minifie|</Actors>
  <Airs_DayOfWeek></Airs_DayOfWeek>
  <Airs_Time></Airs_Time>
  <ContentRating></ContentRating>
  <FirstAired>1992-02-01</FirstAired>
  <Genre>|Comedy|</Genre>
  <IMDB_ID>tt0101143</IMDB_ID>
  <Language>en</Language>
  <Network>BBC One</Network>
  <NetworkID></NetworkID>
  <Overview>Gary needs a lodger to help pay the mortgage on his flat. Unfortunately, neither of his lodgers seems to be able (or willing) to pay any rent at all!
First there's Dermot and then Tony. Both of these fall for Deborah, who owns the flat upstairs, but get nowhere.
Gary also has thoughts in that direction - his problem being the fact that he has a regular girlfiend, Dorothy, who he lives with!</Overview>
  <Rating>8.4</Rating>
  <RatingCount>10</RatingCount>
  <Runtime>30</Runtime>
  <SeriesID>3732</SeriesID>
  <SeriesName>Men Behaving Badly</SeriesName>
  <Status>Ended</Status>
  <added></added>
  <addedBy></addedBy>
  <banner>graphical/76213-g.jpg</banner>
  <fanart>fanart/original/76213-1.jpg</fanart>
  <lastupdated>1325468437</lastupdated>
  <poster>posters/76213-1.jpg</poster>
  <zap2it_id>SH070309</zap2it_id>
</Series>
<Episode>
  <id>342429</id>
  <Combined_episodenumber>1</Combined_episodenumber>
  <Combined_season>0</Combined_season>
  <DVD_chapter></DVD_chapter>
  <DVD_discid></DVD_discid>
  <DVD_episodenumber></DVD_episodenumber>
  <DVD_season></DVD_season>
  <Director></Director>
  <EpImgFlag></EpImgFlag>
  <EpisodeName>Children in Need Special</EpisodeName>
  <EpisodeNumber>1</EpisodeNumber>
  <FirstAired>1995-11-24</FirstAired>
  <GuestStars></GuestStars>
  <IMDB_ID></IMDB_ID>
  <Language>en</Language>
  <Overview></Overview>
  <ProductionCode></ProductionCode>
  <Rating></Rating>
  <RatingCount>0</RatingCount>
  <SeasonNumber>0</SeasonNumber>
  <Writer></Writer>
  <absolute_number></absolute_number>
  <airsafter_season>4</airsafter_season>
  <airsbefore_episode></airsbefore_episode>
  <airsbefore_season></airsbefore_season>
  <filename></filename>
  <lastupdated>1195406027</lastupdated>
  <seasonid>23671</seasonid>
  <seriesid>76213</seriesid>
</Episode>
<Episode>
  <id>342430</id>
  <Combined_episodenumber>2</Combined_episodenumber>
  <Combined_season>0</Combined_season>
  <DVD_chapter></DVD_chapter>
  <DVD_discid></DVD_discid>
  <DVD_episodenumber></DVD_episodenumber>
  <DVD_season></DVD_season>
  <Director></Director>
  <EpImgFlag></EpImgFlag>
  <EpisodeName>Comic Relief Special</EpisodeName>
  <EpisodeNumber>2</EpisodeNumber>
  <FirstAired>1997-03-14</FirstAired>
  <GuestStars></GuestStars>
  <IMDB_ID></IMDB_ID>
  <Language>en</Language>
  <Overview></Overview>
  <ProductionCode></ProductionCode>
  <Rating></Rating>
  <RatingCount>0</RatingCount>
  <SeasonNumber>0</SeasonNumber>
  <Writer></Writer>
  <absolute_number></absolute_number>
  <airsafter_season>5</airsafter_season>
  <airsbefore_episode></airsbefore_episode>
  <airsbefore_season></airsbefore_season>
  <filename></filename>
  <lastupdated>1195406052</lastupdated>
  <seasonid>23671</seasonid>
  <seriesid>76213</seriesid>
</Episode>
<Episode>
  <id>342431</id>
  <Combined_episodenumber>3</Combined_episodenumber>
  <Combined_season>0</Combined_season>
  <DVD_chapter></DVD_chapter>
  <DVD_discid></DVD_discid>
  <DVD_episodenumber></DVD_episodenumber>
  <DVD_season></DVD_season>
  <Director></Director>
  <EpImgFlag></EpImgFlag>
  <EpisodeName>Jingle Balls!</EpisodeName>
  <EpisodeNumber>3</EpisodeNumber>
  <FirstAired>1997-12-25</FirstAired>
  <GuestStars></GuestStars>
  <IMDB_ID></IMDB_ID>
  <Language>en</Language>
  <Overview>Christmas time, a time of love, food and fun. However at Gary’s home Christmas time is a time of hate, burnt turkeys and deep fat fried phones! Gary is deturmined to do the cooking, and Deborah wants to split up with Tony, who's thrilled with his new drum set.</Overview>
  <ProductionCode></ProductionCode>
  <Rating></Rating>
  <RatingCount>0</RatingCount>
  <SeasonNumber>0</SeasonNumber>
  <Writer></Writer>
  <absolute_number></absolute_number>
  <airsafter_season>6</airsafter_season>
  <airsbefore_episode></airsbefore_episode>
  <airsbefore_season></airsbefore_season>
  <filename></filename>
  <lastupdated>1195406155</lastupdated>
  <seasonid>23671</seasonid>
  <seriesid>76213</seriesid>
</Episode>
<Episode>
  <id>342432</id>
  <Combined_episodenumber>4</Combined_episodenumber>
  <Combined_season>0</Combined_season>
  <DVD_chapter></DVD_chapter>
  <DVD_discid></DVD_discid>
  <DVD_episodenumber></DVD_episodenumber>
  <DVD_season></DVD_season>
  <Director></Director>
  <EpImgFlag>1</EpImgFlag>
  <EpisodeName>Performance (1)</EpisodeName>
  <EpisodeNumber>4</EpisodeNumber>
  <FirstAired>1998-12-25</FirstAired>
  <GuestStars></GuestStars>
  <IMDB_ID></IMDB_ID>
  <Language>en</Language>
  <Overview>Gary and Dorothy are determined to try for a baby; however Gary has a slight impotence problem so collects a heavy collection of pornography to solve the issue.</Overview>
  <ProductionCode></ProductionCode>
  <Rating></Rating>
  <RatingCount>0</RatingCount>
  <SeasonNumber>0</SeasonNumber>
  <Writer></Writer>
  <absolute_number></absolute_number>
  <airsafter_season>6</airsafter_season>
  <airsbefore_episode></airsbefore_episode>
  <airsbefore_season></airsbefore_season>
  <filename>episodes/76213/342432.jpg</filename>
  <lastupdated>1245585252</lastupdated>
  <seasonid>23671</seasonid>
  <seriesid>76213</seriesid>
</Episode>
<Episode>
  <id>342433</id>
  <Combined_episodenumber>5</Combined_episodenumber>
  <Combined_season>0</Combined_season>
  <DVD_chapter></DVD_chapter>
  <DVD_discid></DVD_discid>
  <DVD_episodenumber></DVD_episodenumber>
  <DVD_season></DVD_season>
  <Director></Director>
  <EpImgFlag>1</EpImgFlag>
  <EpisodeName>Gary in Love (2)</EpisodeName>
  <EpisodeNumber>5</EpisodeNumber>
  <FirstAired>1998-12-26</FirstAired>
  <GuestStars></GuestStars>
  <IMDB_ID></IMDB_ID>
  <Language>en</Language>
  <Overview>Gary attends a conference in Worthing, and Dorothy, Deborah and Tony tag along for the trip; Tony and Gary make the local headlines by stealing a large ornamental fish, and Gary falls in love - and not with Dorothy.</Overview>
  <ProductionCode></ProductionCode>
  <Rating></Rating>
  <RatingCount>0</RatingCount>
  <SeasonNumber>0</SeasonNumber>
  <Writer></Writer>
  <absolute_number></absolute_number>
  <airsafter_season>6</airsafter_season>
  <airsbefore_episode></airsbefore_episode>
  <airsbefore_season></airsbefore_season>
  <filename>episodes/76213/342433.jpg</filename>
  <lastupdated>1245585327</lastupdated>
  <seasonid>23671</seasonid>
  <seriesid>76213</seriesid>
</Episode>
<Episode>
  <id>342434</id>
  <Combined_episodenumber>6</Combined_episodenumber>
  <Combined_season>0</Combined_season>
  <DVD_chapter></DVD_chapter>
  <DVD_discid></DVD_discid>
  <DVD_episodenumber></DVD_episodenumber>
  <DVD_season></DVD_season>
  <Director></Director>
  <EpImgFlag>1</EpImgFlag>
  <EpisodeName>Delivery (3)</EpisodeName>
  <EpisodeNumber>6</EpisodeNumber>
  <FirstAired>1998-12-28</FirstAired>
  <GuestStars></GuestStars>
  <IMDB_ID></IMDB_ID>
  <Language>en</Language>
  <Overview>In the final episode, Tony takes up his new job as a postman; however Deborah believes he's become boring as a result. Meanwhile Gary gets heavily drunk to break the news to George and Anthea the office is closing down; and Dorothy goes into labour, but with a drunken Gary and Tony (who’s now back to his old ways) and an unconscious midwife, events descend into disaster.</Overview>
  <ProductionCode></ProductionCode>
  <Rating></Rating>
  <RatingCount>0</RatingCount>
  <SeasonNumber>0</SeasonNumber>
  <Writer></Writer>
  <absolute_number></absolute_number>
  <airsafter_season>6</airsafter_season>
  <airsbefore_episode></airsbefore_episode>
  <airsbefore_season></airsbefore_season>
  <filename>episodes/76213/342434.jpg</filename>
  <lastupdated>1245585375</lastupdated>
  <seasonid>23671</seasonid>
  <seriesid>76213</seriesid>
</Episode>
<Episode>
  <id>764971</id>
  <Combined_episodenumber>7</Combined_episodenumber>
  <Combined_season>0</Combined_season>
  <DVD_chapter></DVD_chapter>
  <DVD_discid></DVD_discid>
  <DVD_episodenumber></DVD_episodenumber>
  <DVD_season></DVD_season>
  <Director></Director>
  <EpImgFlag></EpImgFlag>
  <EpisodeName>Season 2 Outtakes</EpisodeName>
  <EpisodeNumber>7</EpisodeNumber>
  <FirstAired></FirstAired>
  <GuestStars></GuestStars>
  <IMDB_ID></IMDB_ID>
  <Language>en</Language>
  <Overview>Outtakes and bloopers from Season 2</Overview>
  <ProductionCode></ProductionCode>
  <Rating></Rating>
  <RatingCount>0</RatingCount>
  <SeasonNumber>0</SeasonNumber>
  <Writer></Writer>
  <absolute_number></absolute_number>
  <airsafter_season></airsafter_season>
  <airsbefore_episode></airsbefore_episode>
  <airsbefore_season></airsbefore_season>
  <filename></filename>
  <lastupdated>1245137856</lastupdated>
  <seasonid>23671</seasonid>
  <seriesid>76213</seriesid>
</Episode>
<Episode>
  <id>765141</id>
  <Combined_episodenumber>8</Combined_episodenumber>
  <Combined_season>0</Combined_season>
  <DVD_chapter></DVD_chapter>
  <DVD_discid></DVD_discid>
  <DVD_episodenumber></DVD_episodenumber>
  <DVD_season></DVD_season>
  <Director></Director>
  <EpImgFlag></EpImgFlag>
  <EpisodeName>Season 3 Outtakes</EpisodeName>
  <EpisodeNumber>8</EpisodeNumber>
  <FirstAired></FirstAired>
  <GuestStars></GuestStars>
  <IMDB_ID></IMDB_ID>
  <Language>en</Language>
  <Overview>Outtakes and bloopers from Season 3</Overview>
  <ProductionCode></ProductionCode>
  <Rating></Rating>
  <RatingCount>0</RatingCount>
  <SeasonNumber>0</SeasonNumber>
  <Writer></Writer>
  <absolute_number></absolute_number>
  <airsafter_season></airsafter_season>
  <airsbefore_episode></airsbefore_episode>
  <airsbefore_season></airsbefore_season>
  <filename></filename>
  <lastupdated>1245137878</lastupdated>
  <seasonid>23671</seasonid>
  <seriesid>76213</seriesid>
</Episode>
<Episode>
  <id>765151</id>
  <Combined_episodenumber>9</Combined_episodenumber>
  <Combined_season>0</Combined_season>
  <DVD_chapter></DVD_chapter>
  <DVD_discid></DVD_discid>
  <DVD_episodenumber></DVD_episodenumber>
  <DVD_season></DVD_season>
  <Director></Director>
  <EpImgFlag></EpImgFlag>
  <EpisodeName>Season 4 Outtakes</EpisodeName>
  <EpisodeNumber>9</EpisodeNumber>
  <FirstAired></FirstAired>
  <GuestStars></GuestStars>
  <IMDB_ID></IMDB_ID>
  <Language>en</Language>
  <Overview>Outtakes and bloopers from Season 4</Overview>
  <ProductionCode></ProductionCode>
  <Rating></Rating>
  <RatingCount>0</RatingCount>
  <SeasonNumber>0</SeasonNumber>
  <Writer></Writer>
  <absolute_number></absolute_number>
  <airsafter_season></airsafter_season>
  <airsbefore_episode></airsbefore_episode>
  <airsbefore_season></airsbefore_season>
  <filename></filename>
  <lastupdated>1245137892</lastupdated>
  <seasonid>23671</seasonid>
  <seriesid>76213</seriesid>
</Episode>
<Episode>
  <id>765161</id>
  <Combined_episodenumber>10</Combined_episodenumber>
  <Combined_season>0</Combined_season>
  <DVD_chapter></DVD_chapter>
  <DVD_discid></DVD_discid>
  <DVD_episodenumber></DVD_episodenumber>
  <DVD_season></DVD_season>
  <Director></Director>
  <EpImgFlag></EpImgFlag>
  <EpisodeName>Season 5 Outtakes</EpisodeName>
  <EpisodeNumber>10</EpisodeNumber>
  <FirstAired></FirstAired>
  <GuestStars></GuestStars>
  <IMDB_ID></IMDB_ID>
  <Language>en</Language>
  <Overview>Outtakes and bloopers from Season 5</Overview>
  <ProductionCode></ProductionCode>
  <Rating></Rating>
  <RatingCount>0</RatingCount>
  <SeasonNumber>0</SeasonNumber>
  <Writer></Writer>
  <absolute_number></absolute_number>
  <airsafter_season></airsafter_season>
  <airsbefore_episode></airsbefore_episode>
  <airsbefore_season></airsbefore_season>
  <filename></filename>
  <lastupdated>1245137905</lastupdated>
  <seasonid>23671</seasonid>
  <seriesid>76213</seriesid>
</Episode>
<Episode>
  <id>765171</id>
  <Combined_episodenumber>11</Combined_episodenumber>
  <Combined_season>0</Combined_season>
  <DVD_chapter></DVD_chapter>
  <DVD_discid></DVD_discid>
  <DVD_episodenumber></DVD_episodenumber>
  <DVD_season></DVD_season>
  <Director></Director>
  <EpImgFlag></EpImgFlag>
  <EpisodeName>Season 6 Outtakes</EpisodeName>
  <EpisodeNumber>11</EpisodeNumber>
  <FirstAired></FirstAired>
  <GuestStars></GuestStars>
  <IMDB_ID></IMDB_ID>
  <Language>en</Language>
  <Overview>Outtakes and bloopers from Season 6</Overview>
  <ProductionCode></ProductionCode>
  <Rating></Rating>
  <RatingCount>0</RatingCount>
  <SeasonNumber>0</SeasonNumber>
  <Writer></Writer>
  <absolute_number></absolute_number>
  <airsafter_season></airsafter_season>
  <airsbefore_episode></airsbefore_episode>
  <airsbefore_season></airsbefore_season>
  <filename></filename>
  <lastupdated>1245137918</lastupdated>
  <seasonid>23671</seasonid>
  <seriesid>76213</seriesid>
</Episode>
<Episode>
  <id>765181</id>
  <Combined_episodenumber>12</Combined_episodenumber>
  <Combined_season>0</Combined_season>
  <DVD_chapter></DVD_chapter>
  <DVD_discid></DVD_discid>
  <DVD_episodenumber></DVD_episodenumber>
  <DVD_season></DVD_season>
  <Director></Director>
  <EpImgFlag></EpImgFlag>
  <EpisodeName>Jingle Balls! Outtakes</EpisodeName>
  <EpisodeNumber>12</EpisodeNumber>
  <FirstAired></FirstAired>
  <GuestStars></GuestStars>
  <IMDB_ID></IMDB_ID>
  <Language>en</Language>
  <Overview>Outtakes and bloopers from Jingle Balls!</Overview>
  <ProductionCode></ProductionCode>
  <Rating></Rating>
  <RatingCount>0</RatingCount>
  <SeasonNumber>0</SeasonNumber>
  <Writer></Writer>
  <absolute_number></absolute_number>
  <airsafter_season></airsafter_season>
  <airsbefore_episode></airsbefore_episode>
  <airsbefore_season></airsbefore_season>
  <filename></filename>
  <lastupdated>1245137937</lastupdated>
  <seasonid>23671</seasonid>
  <seriesid>76213</seriesid>
</Episode>
<Episode>
  <id>766131</id>
  <Combined_episodenumber>13</Combined_episodenumber>
  <Combined_season>0</Combined_season>
  <DVD_chapter></DVD_chapter>
  <DVD_discid></DVD_discid>
  <DVD_episodenumber></DVD_episodenumber>
  <DVD_season></DVD_season>
  <Director></Director>
  <EpImgFlag></EpImgFlag>
  <EpisodeName>Last Orders Outtakes</EpisodeName>
  <EpisodeNumber>13</EpisodeNumber>
  <FirstAired></FirstAired>
  <GuestStars></GuestStars>
  <IMDB_ID></IMDB_ID>
  <Language>en</Language>
  <Overview>Outtakes and bloopers from Last Orders</Overview>
  <ProductionCode></ProductionCode>
  <Rating></Rating>
  <RatingCount>0</RatingCount>
  <SeasonNumber>0</SeasonNumber>
  <Writer></Writer>
  <absolute_number></absolute_number>
  <airsafter_season></airsafter_season>
  <airsbefore_episode></airsbefore_episode>
  <airsbefore_season></airsbefore_season>
  <filename></filename>
  <lastupdated>1245138768</lastupdated>
  <seasonid>23671</seasonid>
  <seriesid>76213</seriesid>
</Episode>
<Episode>
  <id>2222601</id>
  <Combined_episodenumber>14</Combined_episodenumber>
  <Combined_season>0</Combined_season>
  <DVD_chapter></DVD_chapter>
  <DVD_discid></DVD_discid>
  <DVD_episodenumber></DVD_episodenumber>
  <DVD_season></DVD_season>
  <Director></Director>
  <EpImgFlag></EpImgFlag>
  <EpisodeName>The Naughty Boys (Red Nose Day 1999)</EpisodeName>
  <EpisodeNumber>14</EpisodeNumber>
  <FirstAired></FirstAired>
  <GuestStars></GuestStars>
  <IMDB_ID></IMDB_ID>
  <Language>en</Language>
  <Overview>As part of Comic Relief 1999, a 'Swinging Sixties' version of the show was broadcast via recently discovered black-and-white footage, known as 'The Naughty Boys'.</Overview>
  <ProductionCode></ProductionCode>
  <Rating></Rating>
  <RatingCount>0</RatingCount>
  <SeasonNumber>0</SeasonNumber>
  <Writer></Writer>
  <absolute_number></absolute_number>
  <airsafter_season></airsafter_season>
  <airsbefore_episode></airsbefore_episode>
  <airsbefore_season></airsbefore_season>
  <filename></filename>
  <lastupdated>1273967598</lastupdated>
  <seasonid>23671</seasonid>
  <seriesid>76213</seriesid>
</Episode>
<Episode>
  <id>3019191</id>
  <Combined_episodenumber>15</Combined_episodenumber>
  <Combined_season>0</Combined_season>
  <DVD_chapter></DVD_chapter>
  <DVD_discid></DVD_discid>
  <DVD_episodenumber></DVD_episodenumber>
  <DVD_season></DVD_season>
  <Director></Director>
  <EpImgFlag></EpImgFlag>
  <EpisodeName>Season 1 Outtakes</EpisodeName>
  <EpisodeNumber>15</EpisodeNumber>
  <FirstAired></FirstAired>
  <GuestStars></GuestStars>
  <IMDB_ID></IMDB_ID>
  <Language>en</Language>
  <Overview></Overview>
  <ProductionCode></ProductionCode>
  <Rating></Rating>
  <RatingCount>0</RatingCount>
  <SeasonNumber>0</SeasonNumber>
  <Writer></Writer>
  <absolute_number></absolute_number>
  <airsafter_season></airsafter_season>
  <airsbefore_episode></airsbefore_episode>
  <airsbefore_season></airsbefore_season>
  <filename></filename>
  <lastupdated>1287843939</lastupdated>
  <seasonid>23671</seasonid>
  <seriesid>76213</seriesid>
</Episode>
<Episode>
  <id>3075711</id>
  <Combined_episodenumber>16</Combined_episodenumber>
  <Combined_season>0</Combined_season>
  <DVD_chapter></DVD_chapter>
  <DVD_discid></DVD_discid>
  <DVD_episodenumber></DVD_episodenumber>
  <DVD_season></DVD_season>
  <Director></Director>
  <EpImgFlag></EpImgFlag>
  <EpisodeName>Last Orders Special</EpisodeName>
  <EpisodeNumber>16</EpisodeNumber>
  <FirstAired></FirstAired>
  <GuestStars></GuestStars>
  <IMDB_ID></IMDB_ID>
  <Language>en</Language>
  <Overview></Overview>
  <ProductionCode></ProductionCode>
  <Rating></Rating>
  <RatingCount>0</RatingCount>
  <SeasonNumber>0</SeasonNumber>
  <Writer></Writer>
  <absolute_number></absolute_number>
  <airsafter_season>6</airsafter_season>
  <airsbefore_episode></airsbefore_episode>
  <airsbefore_season></airsbefore_season>
  <filename></filename>
  <lastupdated>1295960640</lastupdated>
  <seasonid>23671</seasonid>
  <seriesid>76213</seriesid>
</Episode>
<Episode>
  <id>186740</id>
  <Combined_episodenumber>1</Combined_episodenumber>
  <Combined_season>1</Combined_season>
  <DVD_chapter></DVD_chapter>
  <DVD_discid></DVD_discid>
  <DVD_episodenumber></DVD_episodenumber>
  <DVD_season></DVD_season>
  <Director>Martin Dennis</Director>
  <EpImgFlag>1</EpImgFlag>
  <EpisodeName>Intruders</EpisodeName>
  <EpisodeNumber>1</EpisodeNumber>
  <FirstAired>1992-02-18</FirstAired>
  <GuestStars></GuestStars>
  <IMDB_ID>tt0757834</IMDB_ID>
  <Language>en</Language>
  <Overview>Gary wants to leave his girlfriend, Dorothy, but she decides to leave him first. Gary owns a flat and needs a lodger to help pay the mortgage. Unfortunately, he's got Dermot as a lodger and he's no help at all. A young woman named Deborah moves into the flat upstairs and Dermot immediately decides he's in love with her. The feeling isn't mutual though!</Overview>
  <ProductionCode></ProductionCode>
  <Rating>7.0</Rating>
  <RatingCount>4</RatingCount>
  <SeasonNumber>1</SeasonNumber>
  <Writer>|Simon Nye|</Writer>
  <absolute_number></absolute_number>
  <filename>episodes/76213/186740.jpg</filename>
  <lastupdated>1284822230</lastupdated>
  <seasonid>9917</seasonid>
  <seriesid>76213</seriesid>
</Episode>
<Episode>
  <id>186741</id>
  <Combined_episodenumber>2</Combined_episodenumber>
  <Combined_season>1</Combined_season>
  <DVD_chapter></DVD_chapter>
  <DVD_discid></DVD_discid>
  <DVD_episodenumber></DVD_episodenumber>
  <DVD_season></DVD_season>
  <Director>Martin Dennis</Director>
  <EpImgFlag>1</EpImgFlag>
  <EpisodeName>The Bet</EpisodeName>
  <EpisodeNumber>2</EpisodeNumber>
  <FirstAired>1992-02-25</FirstAired>
  <GuestStars></GuestStars>
  <IMDB_ID></IMDB_ID>
  <Language>en</Language>
  <Overview>Gary and Dermot play chess to decide who will win an evening of pleasure</Overview>
  <ProductionCode></ProductionCode>
  <Rating>7.0</Rating>
  <RatingCount>1</RatingCount>
  <SeasonNumber>1</SeasonNumber>
  <Writer>Simon Nye</Writer>
  <absolute_number></absolute_number>
  <filename>episodes/76213/186741.jpg</filename>
  <lastupdated>1210847731</lastupdated>
  <seasonid>9917</seasonid>
  <seriesid>76213</seriesid>
</Episode>
<Episode>
  <id>186742</id>
  <Combined_episodenumber>3</Combined_episodenumber>
  <Combined_season>1</Combined_season>
  <DVD_chapter></DVD_chapter>
  <DVD_discid></DVD_discid>
  <DVD_episodenumber></DVD_episodenumber>
  <DVD_season></DVD_season>
  <Director>Martin Dennis</Director>
  <EpImgFlag>1</EpImgFlag>
  <EpisodeName>Alarms &amp; Setbacks</EpisodeName>
  <EpisodeNumber>3</EpisodeNumber>
  <FirstAired>1992-03-03</FirstAired>
  <GuestStars></GuestStars>
  <IMDB_ID></IMDB_ID>
  <Language>en</Language>
  <Overview>Gary tries to impress Deborah by installing a burglar alarm while Dermot tries to impress her by offering his body!</Overview>
  <ProductionCode></ProductionCode>
  <Rating>7.0</Rating>
  <RatingCount>1</RatingCount>
  <SeasonNumber>1</SeasonNumber>
  <Writer>Simon Nye</Writer>
  <absolute_number></absolute_number>
  <filename>episodes/76213/186742.jpg</filename>
  <lastupdated>1210847781</lastupdated>
  <seasonid>9917</seasonid>
  <seriesid>76213</seriesid>
</Episode>
<Episode>
  <id>186743</id>
  <Combined_episodenumber>4</Combined_episodenumber>
  <Combined_season>1</Combined_season>
  <DVD_chapter></DVD_chapter>
  <DVD_discid></DVD_discid>
  <DVD_episodenumber></DVD_episodenumber>
  <DVD_season></DVD_season>
  <Director>Martin Dennis</Director>
  <EpImgFlag>1</EpImgFlag>
  <EpisodeName>Animals</EpisodeName>
  <EpisodeNumber>4</EpisodeNumber>
  <FirstAired>1992-03-10</FirstAired>
  <GuestStars></GuestStars>
  <IMDB_ID></IMDB_ID>
  <Language>en</Language>
  <Overview>Gary suggests to Dorothy that they should have an &quot;&quot;open relationship&quot;&quot;. Much to his surprise, she agrees. Dermot makes greater efforts to get somewhere with Deborah</Overview>
  <ProductionCode></ProductionCode>
  <Rating>7.0</Rating>
  <RatingCount>2</RatingCount>
  <SeasonNumber>1</SeasonNumber>
  <Writer>Simon Nye</Writer>
  <absolute_number></absolute_number>
  <filename>episodes/76213/186743.jpg</filename>
  <lastupdated>1210847804</lastupdated>
  <seasonid>9917</seasonid>
  <seriesid>76213</seriesid>
</Episode>
<Episode>
  <id>186744</id>
  <Combined_episodenumber>5</Combined_episodenumber>
  <Combined_season>1</Combined_season>
  <DVD_chapter></DVD_chapter>
  <DVD_discid></DVD_discid>
  <DVD_episodenumber></DVD_episodenumber>
  <DVD_season></DVD_season>
  <Director>Martin Dennis</Director>
  <EpImgFlag>1</EpImgFlag>
  <EpisodeName>Sex &amp; Violence</EpisodeName>
  <EpisodeNumber>5</EpisodeNumber>
  <FirstAired>1992-03-17</FirstAired>
  <GuestStars></GuestStars>
  <IMDB_ID></IMDB_ID>
  <Language>en</Language>
  <Overview>Dermot organises a romantic dinner for Deborah</Overview>
  <ProductionCode></ProductionCode>
  <Rating>7.5</Rating>
  <RatingCount>2</RatingCount>
  <SeasonNumber>1</SeasonNumber>
  <Writer>Simon Nye</Writer>
  <absolute_number></absolute_number>
  <filename>episodes/76213/186744.jpg</filename>
  <lastupdated>1210847839</lastupdated>
  <seasonid>9917</seasonid>
  <seriesid>76213</seriesid>
</Episode>
<Episode>
  <id>186745</id>
  <Combined_episodenumber>6</Combined_episodenumber>
  <Combined_season>1</Combined_season>
  <DVD_chapter></DVD_chapter>
  <DVD_discid></DVD_discid>
  <DVD_episodenumber></DVD_episodenumber>
  <DVD_season></DVD_season>
  <Director>Martin Dennis</Director>
  <EpImgFlag>1</EpImgFlag>
  <EpisodeName>My Brilliant Career</EpisodeName>
  <EpisodeNumber>6</EpisodeNumber>
  <FirstAired>1992-03-24</FirstAired>
  <GuestStars></GuestStars>
  <IMDB_ID></IMDB_ID>
  <Language>en</Language>
  <Overview>Gary thinks that he's been offered a new job so takes his staff out to dinner so that he can tell them that he's leaving! Will he be correct? Meanwhile, Dermot loses his job after he dangles a customer by the ankles.</Overview>
  <ProductionCode></ProductionCode>
  <Rating>8.0</Rating>
  <RatingCount>2</RatingCount>
  <SeasonNumber>1</SeasonNumber>
  <Writer>Simon Nye</Writer>
  <absolute_number></absolute_number>
  <filename>episodes/76213/186745.jpg</filename>
  <lastupdated>1210847870</lastupdated>
  <seasonid>9917</seasonid>
  <seriesid>76213</seriesid>
</Episode>
<Episode>
  <id>186746</id>
  <Combined_episodenumber>1.0</Combined_episodenumber>
  <Combined_season>2</Combined_season>
  <DVD_chapter></DVD_chapter>
  <DVD_discid></DVD_discid>
  <DVD_episodenumber>1.0</DVD_episodenumber>
  <DVD_season></DVD_season>
  <Director>Gillian Miles</Director>
  <EpImgFlag>1</EpImgFlag>
  <EpisodeName>Gary and Tony</EpisodeName>
  <EpisodeNumber>1</EpisodeNumber>
  <FirstAired>1992-09-08</FirstAired>
  <GuestStars></GuestStars>
  <IMDB_ID></IMDB_ID>
  <Language>en</Language>
  <Overview>Dermot has left the flat and gone abroad so Gary advertises for a new lodger. After interviewing a string of very strange and weird applicants, Gary offers the room to a bloke called Tony. Also, Anthea asks Gary for a pay rise and gets locked in the stationery cupboard.</Overview>
  <ProductionCode></ProductionCode>
  <Rating>7.7</Rating>
  <RatingCount>3</RatingCount>
  <SeasonNumber>2</SeasonNumber>
  <Writer>Simon Nye</Writer>
  <absolute_number></absolute_number>
  <filename>episodes/76213/186746.jpg</filename>
  <lastupdated>1266497214</lastupdated>
  <seasonid>9918</seasonid>
  <seriesid>76213</seriesid>
</Episode>
<Episode>
  <id>186747</id>
  <Combined_episodenumber>2.0</Combined_episodenumber>
  <Combined_season>2</Combined_season>
  <DVD_chapter></DVD_chapter>
  <DVD_discid></DVD_discid>
  <DVD_episodenumber>2.0</DVD_episodenumber>
  <DVD_season></DVD_season>
  <Director>|Martin Dennis|</Director>
  <EpImgFlag>1</EpImgFlag>
  <EpisodeName>Rent Boy</EpisodeName>
  <EpisodeNumber>2</EpisodeNumber>
  <FirstAired>1992-09-15</FirstAired>
  <GuestStars></GuestStars>
  <IMDB_ID></IMDB_ID>
  <Language>en</Language>
  <Overview>Tony tries to impress Deborah by pretending that he can speak German - His plan backfires, however, when Debs gets a letter from a German customer and asks him to translate it for her! Gary begins to suspect that Tony is gay.</Overview>
  <ProductionCode></ProductionCode>
  <Rating>6.5</Rating>
  <RatingCount>2</RatingCount>
  <SeasonNumber>2</SeasonNumber>
  <Writer>Simon Nye</Writer>
  <absolute_number></absolute_number>
  <filename>episodes/76213/186747.jpg</filename>
  <lastupdated>1266497227</lastupdated>
  <seasonid>9918</seasonid>
  <seriesid>76213</seriesid>
</Episode>
<Episode>
  <id>186748</id>
  <Combined_episodenumber>3</Combined_episodenumber>
  <Combined_season>2</Combined_season>
  <DVD_chapter></DVD_chapter>
  <DVD_discid></DVD_discid>
  <DVD_episodenumber></DVD_episodenumber>
  <DVD_season></DVD_season>
  <Director>Martin Dennis</Director>
  <EpImgFlag>1</EpImgFlag>
  <EpisodeName>How to Dump Your Girlfriend</EpisodeName>
  <EpisodeNumber>3</EpisodeNumber>
  <FirstAired>1992-09-22</FirstAired>
  <GuestStars></GuestStars>
  <IMDB_ID></IMDB_ID>
  <Language>en</Language>
  <Overview>Deborah is ill, so Tony decides to look after her. Meanwhile, Tony decides that his girlfriend is getting too serious for his liking so sets about finding a way of dumping her without having to tell her face to face!</Overview>
  <ProductionCode></ProductionCode>
  <Rating>7.0</Rating>
  <RatingCount>3</RatingCount>
  <SeasonNumber>2</SeasonNumber>
  <Writer>Simon Nye</Writer>
  <absolute_number></absolute_number>
  <filename>episodes/76213/186748.jpg</filename>
  <lastupdated>1210847974</lastupdated>
  <seasonid>9918</seasonid>
  <seriesid>76213</seriesid>
</Episode>
<Episode>
  <id>186749</id>
  <Combined_episodenumber>4</Combined_episodenumber>
  <Combined_season>2</Combined_season>
  <DVD_chapter></DVD_chapter>
  <DVD_discid></DVD_discid>
  <DVD_episodenumber></DVD_episodenumber>
  <DVD_season></DVD_season>
  <Director>Martin Dennis</Director>
  <EpImgFlag>1</EpImgFlag>
  <EpisodeName>Troublesome 12</EpisodeName>
  <EpisodeNumber>4</EpisodeNumber>
  <FirstAired>1992-09-29</FirstAired>
  <GuestStars></GuestStars>
  <IMDB_ID></IMDB_ID>
  <Language>en</Language>
  <Overview>Dorothy demands an explanation when Tony sells one of her LP records, which is a 'rare' collectors' item worth £200, which is green in colour. Gary has to find a replacement! - The replacement LP is black, so Gary tries to paint it green! When Dorothy is not convinced, he has to pay her £200. Then, Tony tells him that there was a misprint in the catalogue - the green LP was only worth a few pounds!!!</Overview>
  <ProductionCode></ProductionCode>
  <Rating>7.0</Rating>
  <RatingCount>3</RatingCount>
  <SeasonNumber>2</SeasonNumber>
  <Writer>Simon Nye</Writer>
  <absolute_number></absolute_number>
  <filename>episodes/76213/186749.jpg</filename>
  <lastupdated>1210847992</lastupdated>
  <seasonid>9918</seasonid>
  <seriesid>76213</seriesid>
</Episode>
<Episode>
  <id>186750</id>
  <Combined_episodenumber>5</Combined_episodenumber>
  <Combined_season>2</Combined_season>
  <DVD_chapter></DVD_chapter>
  <DVD_discid></DVD_discid>
  <DVD_episodenumber></DVD_episodenumber>
  <DVD_season></DVD_season>
  <Director>Martin Dennis</Director>
  <EpImgFlag>1</EpImgFlag>
  <EpisodeName>Going Nowhere</EpisodeName>
  <EpisodeNumber>5</EpisodeNumber>
  <FirstAired>1992-10-06</FirstAired>
  <GuestStars></GuestStars>
  <IMDB_ID></IMDB_ID>
  <Language>en</Language>
  <Overview>Gary and Deborah are trapped in a lift together. Tony has bought an old van and equips it with an electric blanket - Can you guess why?!</Overview>
  <ProductionCode></ProductionCode>
  <Rating>7.3</Rating>
  <RatingCount>3</RatingCount>
  <SeasonNumber>2</SeasonNumber>
  <Writer>Simon Nye</Writer>
  <absolute_number></absolute_number>
  <filename>episodes/76213/186750.jpg</filename>
  <lastupdated>1210848012</lastupdated>
  <seasonid>9918</seasonid>
  <seriesid>76213</seriesid>
</Episode>
<Episode>
  <id>186751</id>
  <Combined_episodenumber>6</Combined_episodenumber>
  <Combined_season>2</Combined_season>
  <DVD_chapter></DVD_chapter>
  <DVD_discid></DVD_discid>
  <DVD_episodenumber></DVD_episodenumber>
  <DVD_season></DVD_season>
  <Director>Martin Dennis</Director>
  <EpImgFlag>1</EpImgFlag>
  <EpisodeName>People Behaving Irritatingly</EpisodeName>
  <EpisodeNumber>6</EpisodeNumber>
  <FirstAired>1992-10-13</FirstAired>
  <GuestStars></GuestStars>
  <IMDB_ID></IMDB_ID>
  <Language>en</Language>
  <Overview>Tony's brother has come to stay and so does his girlfriend. Gary ends up wanting to kill both of them. Then he finds out that her parents have a holiday villa which might be available for a free holiday. Now he'll have to be nice to them both!</Overview>
  <ProductionCode></ProductionCode>
  <Rating>7.0</Rating>
  <RatingCount>3</RatingCount>
  <SeasonNumber>2</SeasonNumber>
  <Writer>Simon Nye</Writer>
  <absolute_number></absolute_number>
  <filename>episodes/76213/186751.jpg</filename>
  <lastupdated>1210848036</lastupdated>
  <seasonid>9918</seasonid>
  <seriesid>76213</seriesid>
</Episode>
<Episode>
  <id>186752</id>
  <Combined_episodenumber>1</Combined_episodenumber>
  <Combined_season>3</Combined_season>
  <DVD_chapter></DVD_chapter>
  <DVD_discid></DVD_discid>
  <DVD_episodenumber></DVD_episodenumber>
  <DVD_season></DVD_season>
  <Director>Martin Dennis</Director>
  <EpImgFlag>1</EpImgFlag>
  <EpisodeName>Lovers</EpisodeName>
  <EpisodeNumber>1</EpisodeNumber>
  <FirstAired>1994-07-01</FirstAired>
  <GuestStars></GuestStars>
  <IMDB_ID></IMDB_ID>
  <Language>en</Language>
  <Overview>Gary is upset when he discovers that he's had well below the average number of sexual partners for a man of his age, so goes to great lengths to prove to Dorothy that he's VERY experienced. Meanwhile, Deborah has split up with her boyfriend, making Tony thinks he's &quot;&quot;in with a chance&quot;&quot;!</Overview>
  <ProductionCode></ProductionCode>
  <Rating>7.0</Rating>
  <RatingCount>3</RatingCount>
  <SeasonNumber>3</SeasonNumber>
  <Writer>Simon Nye</Writer>
  <absolute_number></absolute_number>
  <filename>episodes/76213/186752.jpg</filename>
  <lastupdated>1210848137</lastupdated>
  <seasonid>9919</seasonid>
  <seriesid>76213</seriesid>
</Episode>
<Episode>
  <id>186753</id>
  <Combined_episodenumber>2</Combined_episodenumber>
  <Combined_season>3</Combined_season>
  <DVD_chapter></DVD_chapter>
  <DVD_discid></DVD_discid>
  <DVD_episodenumber></DVD_episodenumber>
  <DVD_season></DVD_season>
  <Director>Martin Dennis</Director>
  <EpImgFlag>1</EpImgFlag>
  <EpisodeName>Bed</EpisodeName>
  <EpisodeNumber>2</EpisodeNumber>
  <FirstAired>1994-07-08</FirstAired>
  <GuestStars></GuestStars>
  <IMDB_ID></IMDB_ID>
  <Language>en</Language>
  <Overview>It's a wild and stormy night. Deborah can't sleep because she has digestive problems and because the garden fence is flaping around in the wind. She solves this problem by sending Tony to fix the fence and sends Gary to the shops. In the middle of the night!, to look for indigestion tablets!</Overview>
  <ProductionCode></ProductionCode>
  <Rating>7.7</Rating>
  <RatingCount>3</RatingCount>
  <SeasonNumber>3</SeasonNumber>
  <Writer>Simon Nye</Writer>
  <absolute_number></absolute_number>
  <filename>episodes/76213/186753.jpg</filename>
  <lastupdated>1210848158</lastupdated>
  <seasonid>9919</seasonid>
  <seriesid>76213</seriesid>
</Episode>
<Episode>
  <id>186754</id>
  <Combined_episodenumber>3</Combined_episodenumber>
  <Combined_season>3</Combined_season>
  <DVD_chapter></DVD_chapter>
  <DVD_discid></DVD_discid>
  <DVD_episodenumber></DVD_episodenumber>
  <DVD_season></DVD_season>
  <Director>Martin Dennis</Director>
  <EpImgFlag>1</EpImgFlag>
  <EpisodeName>Casualties</EpisodeName>
  <EpisodeNumber>3</EpisodeNumber>
  <FirstAired>1994-07-15</FirstAired>
  <GuestStars></GuestStars>
  <IMDB_ID></IMDB_ID>
  <Language>en</Language>
  <Overview>Deborah has become very depressed, so she decides to sell her flat and leave the country (As you do!!!). To prevent her from leaving, Gary and Tony do everything they can think of to convince potential buyers that her flat is a terrible place to live!</Overview>
  <ProductionCode></ProductionCode>
  <Rating>7.5</Rating>
  <RatingCount>2</RatingCount>
  <SeasonNumber>3</SeasonNumber>
  <Writer>Simon Nye</Writer>
  <absolute_number></absolute_number>
  <filename>episodes/76213/186754.jpg</filename>
  <lastupdated>1210848177</lastupdated>
  <seasonid>9919</seasonid>
  <seriesid>76213</seriesid>
</Episode>
<Episode>
  <id>186755</id>
  <Combined_episodenumber>4</Combined_episodenumber>
  <Combined_season>3</Combined_season>
  <DVD_chapter></DVD_chapter>
  <DVD_discid></DVD_discid>
  <DVD_episodenumber></DVD_episodenumber>
  <DVD_season></DVD_season>
  <Director>Martin Dennis</Director>
  <EpImgFlag>1</EpImgFlag>
  <EpisodeName>Weekend</EpisodeName>
  <EpisodeNumber>4</EpisodeNumber>
  <FirstAired>1994-07-22</FirstAired>
  <GuestStars></GuestStars>
  <IMDB_ID></IMDB_ID>
  <Language>en</Language>
  <Overview>Tony gets a job as a barman, working for Les. Gary and Dorothy compare fantasies.</Overview>
  <ProductionCode></ProductionCode>
  <Rating>7.7</Rating>
  <RatingCount>3</RatingCount>
  <SeasonNumber>3</SeasonNumber>
  <Writer>Simon Nye</Writer>
  <absolute_number></absolute_number>
  <filename>episodes/76213/186755.jpg</filename>
  <lastupdated>1210848195</lastupdated>
  <seasonid>9919</seasonid>
  <seriesid>76213</seriesid>
</Episode>
<Episode>
  <id>186756</id>
  <Combined_episodenumber>5</Combined_episodenumber>
  <Combined_season>3</Combined_season>
  <DVD_chapter></DVD_chapter>
  <DVD_discid></DVD_discid>
  <DVD_episodenumber></DVD_episodenumber>
  <DVD_season></DVD_season>
  <Director>Martin Dennis</Director>
  <EpImgFlag>1</EpImgFlag>
  <EpisodeName>Cleaning Lady</EpisodeName>
  <EpisodeNumber>5</EpisodeNumber>
  <FirstAired>1994-07-29</FirstAired>
  <GuestStars></GuestStars>
  <IMDB_ID></IMDB_ID>
  <Language>en</Language>
  <Overview>Dorothy orders Gary to hire a cleaner because she is fed up with the dirty state of the flat. Gary agrees, reluctantly, and becomes obsessed with his new cleaning lady! Tony loses his job at the pub when Les's brother comes to stay, but finds a new job as a male model.</Overview>
  <ProductionCode></ProductionCode>
  <Rating>7.0</Rating>
  <RatingCount>3</RatingCount>
  <SeasonNumber>3</SeasonNumber>
  <Writer>Simon Nye</Writer>
  <absolute_number></absolute_number>
  <filename>episodes/76213/186756.jpg</filename>
  <lastupdated>1210848210</lastupdated>
  <seasonid>9919</seasonid>
  <seriesid>76213</seriesid>
</Episode>
<Episode>
  <id>186757</id>
  <Combined_episodenumber>6</Combined_episodenumber>
  <Combined_season>3</Combined_season>
  <DVD_chapter></DVD_chapter>
  <DVD_discid></DVD_discid>
  <DVD_episodenumber></DVD_episodenumber>
  <DVD_season></DVD_season>
  <Director>Martin Dennis</Director>
  <EpImgFlag>1</EpImgFlag>
  <EpisodeName>Marriage</EpisodeName>
  <EpisodeNumber>6</EpisodeNumber>
  <FirstAired>1994-08-05</FirstAired>
  <GuestStars></GuestStars>
  <IMDB_ID></IMDB_ID>
  <Language>en</Language>
  <Overview>Tony resorts to bugging Deborah's flat in an attempt to find out what she sees in her new estate agent boyfriend. Gary takes Dorothy to the &quot;&quot;Pasta Pig&quot;&quot; for a romantic meal. Carried away by the wine and the atmosphere, he forgets himself and proposes! - Dorothy accepts!! Next morning, Gary has second thoughts but how can he escape marriage?</Overview>
  <ProductionCode></ProductionCode>
  <Rating>8.0</Rating>
  <RatingCount>1</RatingCount>
  <SeasonNumber>3</SeasonNumber>
  <Writer>Simon Nye</Writer>
  <absolute_number></absolute_number>
  <filename>episodes/76213/186757.jpg</filename>
  <lastupdated>1210848270</lastupdated>
  <seasonid>9919</seasonid>
  <seriesid>76213</seriesid>
</Episode>
<Episode>
  <id>186758</id>
  <Combined_episodenumber>1</Combined_episodenumber>
  <Combined_season>4</Combined_season>
  <DVD_chapter></DVD_chapter>
  <DVD_discid></DVD_discid>
  <DVD_episodenumber></DVD_episodenumber>
  <DVD_season></DVD_season>
  <Director>Martin Dennis</Director>
  <EpImgFlag>1</EpImgFlag>
  <EpisodeName>Babies</EpisodeName>
  <EpisodeNumber>1</EpisodeNumber>
  <FirstAired>1995-05-25</FirstAired>
  <GuestStars></GuestStars>
  <IMDB_ID></IMDB_ID>
  <Language>en</Language>
  <Overview>Deborah leaves her keys with Tony so that he can let the gas engineer in to service her boiler. Tony can't resist the chance to have a peep in Deborah's underwear drawer, with disastrous consequences! Gary and Dorothy think they might have a baby - Dorothy begins to wonder whether Gary is mature enough to be a father.</Overview>
  <ProductionCode></ProductionCode>
  <Rating>7.7</Rating>
  <RatingCount>3</RatingCount>
  <SeasonNumber>4</SeasonNumber>
  <Writer>Simon Nye</Writer>
  <absolute_number></absolute_number>
  <filename>episodes/76213/186758.jpg</filename>
  <lastupdated>1210848325</lastupdated>
  <seasonid>9920</seasonid>
  <seriesid>76213</seriesid>
</Episode>
<Episode>
  <id>186759</id>
  <Combined_episodenumber>2</Combined_episodenumber>
  <Combined_season>4</Combined_season>
  <DVD_chapter></DVD_chapter>
  <DVD_discid></DVD_discid>
  <DVD_episodenumber></DVD_episodenumber>
  <DVD_season></DVD_season>
  <Director>Martin Dennis</Director>
  <EpImgFlag>1</EpImgFlag>
  <EpisodeName>Infidelity</EpisodeName>
  <EpisodeNumber>2</EpisodeNumber>
  <FirstAired>1995-06-01</FirstAired>
  <GuestStars></GuestStars>
  <IMDB_ID></IMDB_ID>
  <Language>en</Language>
  <Overview>Deborah tells Tony that she prefers people who help others, so he tries to become a Samaritan. Meanwhile, Gary suspects Dorothy of &quot;&quot;playing around&quot;&quot; and goes to great lengths to confirm his suspicions.</Overview>
  <ProductionCode></ProductionCode>
  <Rating>7.5</Rating>
  <RatingCount>2</RatingCount>
  <SeasonNumber>4</SeasonNumber>
  <Writer>Simon Nye</Writer>
  <absolute_number></absolute_number>
  <filename>episodes/76213/186759.jpg</filename>
  <lastupdated>1210848380</lastupdated>
  <seasonid>9920</seasonid>
  <seriesid>76213</seriesid>
</Episode>
<Episode>
  <id>186760</id>
  <Combined_episodenumber>3</Combined_episodenumber>
  <Combined_season>4</Combined_season>
  <DVD_chapter></DVD_chapter>
  <DVD_discid></DVD_discid>
  <DVD_episodenumber></DVD_episodenumber>
  <DVD_season></DVD_season>
  <Director>Martin Dennis</Director>
  <EpImgFlag>1</EpImgFlag>
  <EpisodeName>Pornography</EpisodeName>
  <EpisodeNumber>3</EpisodeNumber>
  <FirstAired>1995-06-08</FirstAired>
  <GuestStars></GuestStars>
  <IMDB_ID></IMDB_ID>
  <Language>en</Language>
  <Overview>Gary organises a dinner party which proves to be a total disaster while Tony's new girlfriend tells him that he'll have to get rid of his collection of soft-porn magazines or she'll leave him.</Overview>
  <ProductionCode></ProductionCode>
  <Rating>8.7</Rating>
  <RatingCount>3</RatingCount>
  <SeasonNumber>4</SeasonNumber>
  <Writer>Simon Nye</Writer>
  <absolute_number></absolute_number>
  <filename>episodes/76213/186760.jpg</filename>
  <lastupdated>1210848421</lastupdated>
  <seasonid>9920</seasonid>
  <seriesid>76213</seriesid>
</Episode>
<Episode>
  <id>186761</id>
  <Combined_episodenumber>4</Combined_episodenumber>
  <Combined_season>4</Combined_season>
  <DVD_chapter></DVD_chapter>
  <DVD_discid></DVD_discid>
  <DVD_episodenumber></DVD_episodenumber>
  <DVD_season></DVD_season>
  <Director>Martin Dennis</Director>
  <EpImgFlag>1</EpImgFlag>
  <EpisodeName>Three Girlfriends</EpisodeName>
  <EpisodeNumber>4</EpisodeNumber>
  <FirstAired>1995-06-22</FirstAired>
  <GuestStars></GuestStars>
  <IMDB_ID></IMDB_ID>
  <Language>en</Language>
  <Overview>Gary's dad has come to stay so he has to find a partner to take to a party. Tony has three girlfriends at the same time and he's finding it difficult to keep them apart. He's also making Gary very jealous! Gary's dad has come to stay. Gary has to find a partner to take to a party.</Overview>
  <ProductionCode></ProductionCode>
  <Rating>7.3</Rating>
  <RatingCount>3</RatingCount>
  <SeasonNumber>4</SeasonNumber>
  <Writer>Simon Nye</Writer>
  <absolute_number></absolute_number>
  <filename>episodes/76213/186761.jpg</filename>
  <lastupdated>1210848462</lastupdated>
  <seasonid>9920</seasonid>
  <seriesid>76213</seriesid>
</Episode>
<Episode>
  <id>186762</id>
  <Combined_episodenumber>5</Combined_episodenumber>
  <Combined_season>4</Combined_season>
  <DVD_chapter></DVD_chapter>
  <DVD_discid></DVD_discid>
  <DVD_episodenumber></DVD_episodenumber>
  <DVD_season></DVD_season>
  <Director>Martin Dennis</Director>
  <EpImgFlag>1</EpImgFlag>
  <EpisodeName>Drunk</EpisodeName>
  <EpisodeNumber>5</EpisodeNumber>
  <FirstAired>1995-06-29</FirstAired>
  <GuestStars></GuestStars>
  <IMDB_ID></IMDB_ID>
  <Language>en</Language>
  <Overview>Gary is supposed to be having a romantic meal with Dorothy, but he gets held up in the pub with Tony. Then Les announces a &quot;&quot;Beers of the World&quot;&quot; promotion and Gary and Tony have to help with the tasting. Will he ever get to the romantic meal?</Overview>
  <ProductionCode></ProductionCode>
  <Rating>8.0</Rating>
  <RatingCount>2</RatingCount>
  <SeasonNumber>4</SeasonNumber>
  <Writer>Simon Nye</Writer>
  <absolute_number></absolute_number>
  <filename>episodes/76213/186762.jpg</filename>
  <lastupdated>1210848539</lastupdated>
  <seasonid>9920</seasonid>
  <seriesid>76213</seriesid>
</Episode>
<Episode>
  <id>186763</id>
  <Combined_episodenumber>6</Combined_episodenumber>
  <Combined_season>4</Combined_season>
  <DVD_chapter></DVD_chapter>
  <DVD_discid></DVD_discid>
  <DVD_episodenumber></DVD_episodenumber>
  <DVD_season></DVD_season>
  <Director>Martin Dennis</Director>
  <EpImgFlag>1</EpImgFlag>
  <EpisodeName>In Bed with Dorothy</EpisodeName>
  <EpisodeNumber>6</EpisodeNumber>
  <FirstAired>1995-07-06</FirstAired>
  <GuestStars></GuestStars>
  <IMDB_ID></IMDB_ID>
  <Language>en</Language>
  <Overview>Dorothy has had an operation to remove her appendix so Gary insists that she stays with him so that he can look after her. He isn't happy when she shows no interest in having sex with him. Tony is discovered wearing spectacles.</Overview>
  <ProductionCode></ProductionCode>
  <Rating>8.0</Rating>
  <RatingCount>2</RatingCount>
  <SeasonNumber>4</SeasonNumber>
  <Writer>Simon Nye</Writer>
  <absolute_number></absolute_number>
  <filename>episodes/76213/186763.jpg</filename>
  <lastupdated>1210848619</lastupdated>
  <seasonid>9920</seasonid>
  <seriesid>76213</seriesid>
</Episode>
<Episode>
  <id>186764</id>
  <Combined_episodenumber>7</Combined_episodenumber>
  <Combined_season>4</Combined_season>
  <DVD_chapter></DVD_chapter>
  <DVD_discid></DVD_discid>
  <DVD_episodenumber></DVD_episodenumber>
  <DVD_season></DVD_season>
  <Director>Martin Dennis</Director>
  <EpImgFlag>1</EpImgFlag>
  <EpisodeName>Playing Away</EpisodeName>
  <EpisodeNumber>7</EpisodeNumber>
  <FirstAired>1995-07-13</FirstAired>
  <GuestStars></GuestStars>
  <IMDB_ID></IMDB_ID>
  <Language>en</Language>
  <Overview>Tony has toothache but can't face a trip to the dentist. He decides on a 'do-it-yourself' extraction and ends up in great pain. Gary and Deborah have gone away on a weekend writing course. Tony calls Dorothy at the hospital and she comes round to help him. They end up in bed together.</Overview>
  <ProductionCode></ProductionCode>
  <Rating>7.5</Rating>
  <RatingCount>2</RatingCount>
  <SeasonNumber>4</SeasonNumber>
  <Writer>Simon Nye</Writer>
  <absolute_number></absolute_number>
  <filename>episodes/76213/186764.jpg</filename>
  <lastupdated>1210848660</lastupdated>
  <seasonid>9920</seasonid>
  <seriesid>76213</seriesid>
</Episode>
<Episode>
  <id>186766</id>
  <Combined_episodenumber>1</Combined_episodenumber>
  <Combined_season>5</Combined_season>
  <DVD_chapter></DVD_chapter>
  <DVD_discid></DVD_discid>
  <DVD_episodenumber></DVD_episodenumber>
  <DVD_season></DVD_season>
  <Director>Martin Dennis</Director>
  <EpImgFlag>1</EpImgFlag>
  <EpisodeName>Hair</EpisodeName>
  <EpisodeNumber>1</EpisodeNumber>
  <FirstAired>1996-06-20</FirstAired>
  <GuestStars></GuestStars>
  <IMDB_ID></IMDB_ID>
  <Language>en</Language>
  <Overview>Tony is away travelling around Europe. Meanwhile, Gary and Dorothy have a very romantic time and Dorothy decides that she'll move in with Gary. She also decides that Tony will have to leave the flat if he moves in! Tony comes home with a beard and is shocked to find a tidy flat with a fridge full of food instead of lager. Gary agonises about ways of breaking the news to Tony that he'll have to leave the flat.</Overview>
  <ProductionCode></ProductionCode>
  <Rating>8.3</Rating>
  <RatingCount>3</RatingCount>
  <SeasonNumber>5</SeasonNumber>
  <Writer>Simon Nye</Writer>
  <absolute_number></absolute_number>
  <filename>episodes/76213/186766.jpg</filename>
  <lastupdated>1210849169</lastupdated>
  <seasonid>9921</seasonid>
  <seriesid>76213</seriesid>
</Episode>
<Episode>
  <id>186767</id>
  <Combined_episodenumber>2</Combined_episodenumber>
  <Combined_season>5</Combined_season>
  <DVD_chapter></DVD_chapter>
  <DVD_discid></DVD_discid>
  <DVD_episodenumber></DVD_episodenumber>
  <DVD_season></DVD_season>
  <Director>Martin Dennis</Director>
  <EpImgFlag>1</EpImgFlag>
  <EpisodeName>The Good Pub Guide</EpisodeName>
  <EpisodeNumber>2</EpisodeNumber>
  <FirstAired>1996-06-27</FirstAired>
  <GuestStars></GuestStars>
  <IMDB_ID></IMDB_ID>
  <Language>en</Language>
  <Overview>Deborah has become interested in astrology. Tony thinks he can use this new interest as a way of getting her to sleep with him. Dorothy gives Gary a lesson in bad behaviour. Gary and Tony are horrified when they discover that Les has been sacked as manager of &quot;&quot;The Crown&quot;&quot;. They're even more horrified when they learn that the new landlord plans to completely refurbish the pub. They set about finding a new 'local'. They also fill their flat with some strange mementoes of the 'old Crown'.</Overview>
  <ProductionCode></ProductionCode>
  <Rating>8.3</Rating>
  <RatingCount>3</RatingCount>
  <SeasonNumber>5</SeasonNumber>
  <Writer>Simon Nye</Writer>
  <absolute_number></absolute_number>
  <filename>episodes/76213/186767.jpg</filename>
  <lastupdated>1210849182</lastupdated>
  <seasonid>9921</seasonid>
  <seriesid>76213</seriesid>
</Episode>
<Episode>
  <id>186768</id>
  <Combined_episodenumber>3</Combined_episodenumber>
  <Combined_season>5</Combined_season>
  <DVD_chapter></DVD_chapter>
  <DVD_discid></DVD_discid>
  <DVD_episodenumber></DVD_episodenumber>
  <DVD_season></DVD_season>
  <Director>Martin Dennis</Director>
  <EpImgFlag>1</EpImgFlag>
  <EpisodeName>Cowardice</EpisodeName>
  <EpisodeNumber>3</EpisodeNumber>
  <FirstAired>1996-07-04</FirstAired>
  <GuestStars></GuestStars>
  <IMDB_ID></IMDB_ID>
  <Language>en</Language>
  <Overview>Gary makes himself look like a coward in a 'road rage' incident so he hatches a plan to make himself look macho. He hires someone to pretend to pick a fight with him in the pub but ends up fighting the wrong man. Deborah has a female friend staying with her. Gary and Tony are convinced that she's going through a &quot;&quot;lesbian phase&quot;&quot;!</Overview>
  <ProductionCode></ProductionCode>
  <Rating>8.0</Rating>
  <RatingCount>2</RatingCount>
  <SeasonNumber>5</SeasonNumber>
  <Writer>Simon Nye</Writer>
  <absolute_number></absolute_number>
  <filename>episodes/76213/186768.jpg</filename>
  <lastupdated>1210849198</lastupdated>
  <seasonid>9921</seasonid>
  <seriesid>76213</seriesid>
</Episode>
<Episode>
  <id>186769</id>
  <Combined_episodenumber>4</Combined_episodenumber>
  <Combined_season>5</Combined_season>
  <DVD_chapter></DVD_chapter>
  <DVD_discid></DVD_discid>
  <DVD_episodenumber></DVD_episodenumber>
  <DVD_season></DVD_season>
  <Director>Martin Dennis</Director>
  <EpImgFlag>1</EpImgFlag>
  <EpisodeName>Your Mate v Your Bird</EpisodeName>
  <EpisodeNumber>4</EpisodeNumber>
  <FirstAired>1996-07-11</FirstAired>
  <GuestStars></GuestStars>
  <IMDB_ID></IMDB_ID>
  <Language>en</Language>
  <Overview>Gary has to decide between keeping Tony as a flatmate and living with Dorothy. He finally decides to ask Tony to leave. Tony moves to a room in &quot;&quot;The Crown&quot;&quot;. Then Dorothy announces that she's decided to move in with Deborah! Tony tries to prove his love for Deborah with a do-it-yourself tattoo.</Overview>
  <ProductionCode></ProductionCode>
  <Rating>7.5</Rating>
  <RatingCount>2</RatingCount>
  <SeasonNumber>5</SeasonNumber>
  <Writer>Simon Nye</Writer>
  <absolute_number></absolute_number>
  <filename>episodes/76213/186769.jpg</filename>
  <lastupdated>1210849259</lastupdated>
  <seasonid>9921</seasonid>
  <seriesid>76213</seriesid>
</Episode>
<Episode>
  <id>186770</id>
  <Combined_episodenumber>5</Combined_episodenumber>
  <Combined_season>5</Combined_season>
  <DVD_chapter></DVD_chapter>
  <DVD_discid></DVD_discid>
  <DVD_episodenumber></DVD_episodenumber>
  <DVD_season></DVD_season>
  <Director>Martin Dennis</Director>
  <EpImgFlag>1</EpImgFlag>
  <EpisodeName>Cardigan</EpisodeName>
  <EpisodeNumber>5</EpisodeNumber>
  <FirstAired>1996-07-18</FirstAired>
  <GuestStars></GuestStars>
  <IMDB_ID></IMDB_ID>
  <Language>en</Language>
  <Overview>Gary is upset when he's mistaken for George at the office. He decides to prove that he isn't becoming &quot;&quot;middle aged&quot;&quot; by taking Dorothy, Tony and Deborah to an all-night rave. The evening is a complete disaster!</Overview>
  <ProductionCode></ProductionCode>
  <Rating>8.0</Rating>
  <RatingCount>1</RatingCount>
  <SeasonNumber>5</SeasonNumber>
  <Writer>Simon Nye</Writer>
  <absolute_number></absolute_number>
  <filename>episodes/76213/186770.jpg</filename>
  <lastupdated>1210849271</lastupdated>
  <seasonid>9921</seasonid>
  <seriesid>76213</seriesid>
</Episode>
<Episode>
  <id>186771</id>
  <Combined_episodenumber>6</Combined_episodenumber>
  <Combined_season>5</Combined_season>
  <DVD_chapter></DVD_chapter>
  <DVD_discid></DVD_discid>
  <DVD_episodenumber></DVD_episodenumber>
  <DVD_season></DVD_season>
  <Director>Martin Dennis</Director>
  <EpImgFlag>1</EpImgFlag>
  <EpisodeName>Rich and Fat</EpisodeName>
  <EpisodeNumber>6</EpisodeNumber>
  <FirstAired>1996-07-25</FirstAired>
  <GuestStars></GuestStars>
  <IMDB_ID></IMDB_ID>
  <Language>en</Language>
  <Overview>Everyone keeps telling Tony that he's getting fat, so he tries to lose weight. Tony discovers that Gary has £33,000 in his savings account and soon everyone knows about it. Dorothy 'persuades' Gary to make a donation to the hospital appeal fund but everyone is after Gary for a handout. He solves the problem by pretending that he's blown all of his money on expensive watches and Harrods lager.</Overview>
  <ProductionCode></ProductionCode>
  <Rating>7.3</Rating>
  <RatingCount>3</RatingCount>
  <SeasonNumber>5</SeasonNumber>
  <Writer>Simon Nye</Writer>
  <absolute_number></absolute_number>
  <filename>episodes/76213/186771.jpg</filename>
  <lastupdated>1210849283</lastupdated>
  <seasonid>9921</seasonid>
  <seriesid>76213</seriesid>
</Episode>
<Episode>
  <id>186772</id>
  <Combined_episodenumber>7</Combined_episodenumber>
  <Combined_season>5</Combined_season>
  <DVD_chapter></DVD_chapter>
  <DVD_discid></DVD_discid>
  <DVD_episodenumber></DVD_episodenumber>
  <DVD_season></DVD_season>
  <Director>Martin Dennis</Director>
  <EpImgFlag>1</EpImgFlag>
  <EpisodeName>Home-Made Sauna</EpisodeName>
  <EpisodeNumber>7</EpisodeNumber>
  <FirstAired>1996-08-01</FirstAired>
  <GuestStars></GuestStars>
  <IMDB_ID></IMDB_ID>
  <Language>en</Language>
  <Overview>Dorothy and Deborah have gone away on a sailing weekend. Tony is building a sauna in the garden shed - a &quot;&quot;shedna&quot;&quot; as he calls it.   Gary and Tony meet Paula and Carol, who are staying at the house next door for the weekend. They invite the girls round for a barbecue. Tony makes a play for Paula, but discovers that she's a happily married mother. Gary is seduced by Carol.
When Deborah and Dorothy come home, Tony talks Debs into trying out the &quot;&quot;shedna&quot;&quot; with him, but it blows up before they can use it! Gary obviously keeps quiet about his weekend activities with Carol.</Overview>
  <ProductionCode></ProductionCode>
  <Rating>7.7</Rating>
  <RatingCount>3</RatingCount>
  <SeasonNumber>5</SeasonNumber>
  <Writer>Simon Nye</Writer>
  <absolute_number></absolute_number>
  <filename>episodes/76213/186772.jpg</filename>
  <lastupdated>1210850056</lastupdated>
  <seasonid>9921</seasonid>
  <seriesid>76213</seriesid>
</Episode>
<Episode>
  <id>186774</id>
  <Combined_episodenumber>1</Combined_episodenumber>
  <Combined_season>6</Combined_season>
  <DVD_chapter></DVD_chapter>
  <DVD_discid></DVD_discid>
  <DVD_episodenumber></DVD_episodenumber>
  <DVD_season></DVD_season>
  <Director>Martin Dennis</Director>
  <EpImgFlag>1</EpImgFlag>
  <EpisodeName>Stag Night</EpisodeName>
  <EpisodeNumber>1</EpisodeNumber>
  <FirstAired>1997-11-06</FirstAired>
  <GuestStars></GuestStars>
  <IMDB_ID></IMDB_ID>
  <Language>en</Language>
  <Overview>Gary and Tony set out to celebrate Gary's stag night after Dorothy decides that it's time Gary showed &quot;&quot;real committment&quot;&quot; by marrying her. Gary suggests to Dorothy that buying a dog together might be an alternative!</Overview>
  <ProductionCode></ProductionCode>
  <Rating>7.5</Rating>
  <RatingCount>2</RatingCount>
  <SeasonNumber>6</SeasonNumber>
  <Writer>Simon Nye</Writer>
  <absolute_number></absolute_number>
  <filename>episodes/76213/186774.jpg</filename>
  <lastupdated>1210849303</lastupdated>
  <seasonid>9922</seasonid>
  <seriesid>76213</seriesid>
</Episode>
<Episode>
  <id>186775</id>
  <Combined_episodenumber>2</Combined_episodenumber>
  <Combined_season>6</Combined_season>
  <DVD_chapter></DVD_chapter>
  <DVD_discid></DVD_discid>
  <DVD_episodenumber></DVD_episodenumber>
  <DVD_season></DVD_season>
  <Director>Martin Dennis</Director>
  <EpImgFlag>1</EpImgFlag>
  <EpisodeName>Wedding</EpisodeName>
  <EpisodeNumber>2</EpisodeNumber>
  <FirstAired>1997-11-13</FirstAired>
  <GuestStars></GuestStars>
  <IMDB_ID></IMDB_ID>
  <Language>en</Language>
  <Overview>The day of Gary and Dorothy's wedding arrives and both of them are having second thoughts. Tony, however, is &quot;&quot;on a promise&quot;&quot; if the wedding goes ahead.</Overview>
  <ProductionCode></ProductionCode>
  <Rating>7.7</Rating>
  <RatingCount>3</RatingCount>
  <SeasonNumber>6</SeasonNumber>
  <Writer>Simon Nye</Writer>
  <absolute_number></absolute_number>
  <filename>episodes/76213/186775.jpg</filename>
  <lastupdated>1210849319</lastupdated>
  <seasonid>9922</seasonid>
  <seriesid>76213</seriesid>
</Episode>
<Episode>
  <id>186776</id>
  <Combined_episodenumber>3</Combined_episodenumber>
  <Combined_season>6</Combined_season>
  <DVD_chapter></DVD_chapter>
  <DVD_discid></DVD_discid>
  <DVD_episodenumber></DVD_episodenumber>
  <DVD_season></DVD_season>
  <Director>Martin Dennis</Director>
  <EpImgFlag>1</EpImgFlag>
  <EpisodeName>Jealousy</EpisodeName>
  <EpisodeNumber>3</EpisodeNumber>
  <FirstAired>1997-11-20</FirstAired>
  <GuestStars></GuestStars>
  <IMDB_ID></IMDB_ID>
  <Language>en</Language>
  <Overview>Tony becomes obsessively jealous when he thinks that Deborah fancies another man. Gary and Dorothy, Tony and Deborah spend a weekend in a caravan out in the country. Gary is trying to give up smoking.</Overview>
  <ProductionCode></ProductionCode>
  <Rating>8.0</Rating>
  <RatingCount>1</RatingCount>
  <SeasonNumber>6</SeasonNumber>
  <Writer>Simon Nye</Writer>
  <absolute_number></absolute_number>
  <filename>episodes/76213/186776.jpg</filename>
  <lastupdated>1210849334</lastupdated>
  <seasonid>9922</seasonid>
  <seriesid>76213</seriesid>
</Episode>
<Episode>
  <id>186777</id>
  <Combined_episodenumber>4</Combined_episodenumber>
  <Combined_season>6</Combined_season>
  <DVD_chapter></DVD_chapter>
  <DVD_discid></DVD_discid>
  <DVD_episodenumber></DVD_episodenumber>
  <DVD_season></DVD_season>
  <Director>Martin Dennis</Director>
  <EpImgFlag>1</EpImgFlag>
  <EpisodeName>Watching TV</EpisodeName>
  <EpisodeNumber>4</EpisodeNumber>
  <FirstAired>1997-11-27</FirstAired>
  <GuestStars></GuestStars>
  <IMDB_ID></IMDB_ID>
  <Language>en</Language>
  <Overview>Gary, Dorothy, Tony and Deborah spend an evening watching television. At least, Tony tries to watch television. The other three seem hell bent on making Tony look like an idiot.</Overview>
  <ProductionCode></ProductionCode>
  <Rating>6.7</Rating>
  <RatingCount>3</RatingCount>
  <SeasonNumber>6</SeasonNumber>
  <Writer>Simon Nye</Writer>
  <absolute_number></absolute_number>
  <filename>episodes/76213/186777.jpg</filename>
  <lastupdated>1210849347</lastupdated>
  <seasonid>9922</seasonid>
  <seriesid>76213</seriesid>
</Episode>
<Episode>
  <id>186778</id>
  <Combined_episodenumber>5</Combined_episodenumber>
  <Combined_season>6</Combined_season>
  <DVD_chapter></DVD_chapter>
  <DVD_discid></DVD_discid>
  <DVD_episodenumber></DVD_episodenumber>
  <DVD_season></DVD_season>
  <Director>Martin Dennis</Director>
  <EpImgFlag>1</EpImgFlag>
  <EpisodeName>Ten</EpisodeName>
  <EpisodeNumber>5</EpisodeNumber>
  <FirstAired>1997-12-04</FirstAired>
  <GuestStars></GuestStars>
  <IMDB_ID></IMDB_ID>
  <Language>en</Language>
  <Overview>Tony tries to talk Deborah into making love in unusual places. He also has to try to make a good impression on Deborah's mother. Dorothy talks Gary into seeing a relationship counsellor.</Overview>
  <ProductionCode></ProductionCode>
  <Rating>7.0</Rating>
  <RatingCount>2</RatingCount>
  <SeasonNumber>6</SeasonNumber>
  <Writer>Simon Nye</Writer>
  <absolute_number></absolute_number>
  <filename>episodes/76213/186778.jpg</filename>
  <lastupdated>1210849361</lastupdated>
  <seasonid>9922</seasonid>
  <seriesid>76213</seriesid>
</Episode>
<Episode>
  <id>186779</id>
  <Combined_episodenumber>6</Combined_episodenumber>
  <Combined_season>6</Combined_season>
  <DVD_chapter></DVD_chapter>
  <DVD_discid></DVD_discid>
  <DVD_episodenumber></DVD_episodenumber>
  <DVD_season></DVD_season>
  <Director>Martin Dennis</Director>
  <EpImgFlag>1</EpImgFlag>
  <EpisodeName>Sofa</EpisodeName>
  <EpisodeNumber>6</EpisodeNumber>
  <FirstAired>1997-12-11</FirstAired>
  <GuestStars></GuestStars>
  <IMDB_ID></IMDB_ID>
  <Language>en</Language>
  <Overview>Dorothy talks Gary into getting rid of his 25-year-old sofa. Gary reminisces about the events his sofa has 'witnessed'.</Overview>
  <ProductionCode></ProductionCode>
  <Rating>7.0</Rating>
  <RatingCount>3</RatingCount>
  <SeasonNumber>6</SeasonNumber>
  <Writer>Simon Nye</Writer>
  <absolute_number></absolute_number>
  <filename>episodes/76213/186779.jpg</filename>
  <lastupdated>1210849375</lastupdated>
  <seasonid>9922</seasonid>
  <seriesid>76213</seriesid>
</Episode>
<Episode>
  <id>4181715</id>
  <Combined_episodenumber>1.0</Combined_episodenumber>
  <Combined_season>7</Combined_season>
  <DVD_chapter></DVD_chapter>
  <DVD_discid></DVD_discid>
  <DVD_episodenumber>1.0</DVD_episodenumber>
  <DVD_season>7</DVD_season>
  <Director></Director>
  <EpImgFlag></EpImgFlag>
  <EpisodeName>Performance</EpisodeName>
  <EpisodeNumber>1</EpisodeNumber>
  <FirstAired>1998-12-25</FirstAired>
  <GuestStars></GuestStars>
  <IMDB_ID></IMDB_ID>
  <Language>en</Language>
  <Overview>Gary and Dorothy are determined to try for a baby; however Gary has a slight impotence problem so collects a heavy collection of pornography to solve the issue.</Overview>
  <ProductionCode></ProductionCode>
  <Rating></Rating>
  <RatingCount>0</RatingCount>
  <SeasonNumber>7</SeasonNumber>
  <Writer></Writer>
  <absolute_number></absolute_number>
  <filename></filename>
  <lastupdated>1317553517</lastupdated>
  <seasonid>475488</seasonid>
  <seriesid>76213</seriesid>
</Episode>
<Episode>
  <id>4181717</id>
  <Combined_episodenumber>2.0</Combined_episodenumber>
  <Combined_season>7</Combined_season>
  <DVD_chapter></DVD_chapter>
  <DVD_discid></DVD_discid>
  <DVD_episodenumber>2.0</DVD_episodenumber>
  <DVD_season>7</DVD_season>
  <Director></Director>
  <EpImgFlag></EpImgFlag>
  <EpisodeName>Gary In Love</EpisodeName>
  <EpisodeNumber>2</EpisodeNumber>
  <FirstAired>1998-12-26</FirstAired>
  <GuestStars></GuestStars>
  <IMDB_ID></IMDB_ID>
  <Language>en</Language>
  <Overview>Gary attends a conference in Worthing, and Dorothy, Deborah and Tony tag along for the trip; Tony and Gary make the local headlines by stealing a large ornamental fish, and Gary falls in love - and not with Dorothy.</Overview>
  <ProductionCode></ProductionCode>
  <Rating></Rating>
  <RatingCount>0</RatingCount>
  <SeasonNumber>7</SeasonNumber>
  <Writer></Writer>
  <absolute_number></absolute_number>
  <filename></filename>
  <lastupdated>1317553557</lastupdated>
  <seasonid>475488</seasonid>
  <seriesid>76213</seriesid>
</Episode>
<Episode>
  <id>4181718</id>
  <Combined_episodenumber>3.0</Combined_episodenumber>
  <Combined_season>7</Combined_season>
  <DVD_chapter></DVD_chapter>
  <DVD_discid></DVD_discid>
  <DVD_episodenumber>3.0</DVD_episodenumber>
  <DVD_season>7</DVD_season>
  <Director></Director>
  <EpImgFlag></EpImgFlag>
  <EpisodeName>Delivery</EpisodeName>
  <EpisodeNumber>3</EpisodeNumber>
  <FirstAired>1998-12-28</FirstAired>
  <GuestStars></GuestStars>
  <IMDB_ID></IMDB_ID>
  <Language>en</Language>
  <Overview>In the final episode, Tony takes up his new job as a postman; however Deborah believes he's become boring as a result. Meanwhile Gary gets heavily drunk to break the news to George and Anthea the office is closing down; and Dorothy goes into labour, but with a drunken Gary and Tony (who’s now back to his old ways) and an unconscious midwife, events descend into disaster.</Overview>
  <ProductionCode></ProductionCode>
  <Rating></Rating>
  <RatingCount>0</RatingCount>
  <SeasonNumber>7</SeasonNumber>
  <Writer></Writer>
  <absolute_number></absolute_number>
  <filename></filename>
  <lastupdated>1317553597</lastupdated>
  <seasonid>475488</seasonid>
  <seriesid>76213</seriesid>
</Episode>
</Data>